Study_Hours,Attendance,Previous_Scores,Extracurriculars,Health_Issues,Percentage
5.993428306022466,88.99355436586002,59.87232587538428,3,1,52.062593367725555
4.72347139765763,84.24633682912769,67.83221993926723,1,1,45.740375888745405
6.295377076201385,75.59630369920174,58.11370118500058,0,0,41.13089973667608
8.046059712816051,68.53063222294426,65.38057705541439,1,1,30.77259368412935
4.531693250553328,81.9822331361359,41.59577999569321,4,0,32.970734557436394
4.531726086101639,78.9348538542175,73.19940561059408,1,0,26.93763441539758
8.158425631014783,83.95193220027733,70.01808213043337,3,0,41.40566223316202
6.534869458305818,81.35171801681969,57.74367053397714,0,1,43.35171322709195
4.061051228130096,85.49552715319335,79.88868502648607,3,0,48.83554822124911
6.085120087171929,69.64764788439432,84.06355206439838,0,1,39.03348649830613
4.0731646143750755,88.17394065634326,45.88660203446538,4,1,41.14726703095582
4.068540492859486,76.975996046924,58.55912832150679,0,0,32.98761296264532
5.483924543132068,95.75260872625265,58.46286475319053,0,1,43.63571979777564
1.1734395106844042,68.10812181910433,55.90145348336703,0,1,35.91149444408154
1.5501643349739345,92.3596380316525,82.44212262897622,1,1,37.736947732228195
3.8754249415180544,76.97910783462648,67.09260791840795,1,1,40.5606623498635
2.9743377593311524,68.48581996385552,66.03227738034084,4,1,43.604110923730616
5.628494665190548,70.16114165945679,39.9420645338987,0,0,29.212651825876147
3.1839518489575784,71.7965269180568,79.53127045313839,2,1,44.22229596623067
2.175392597329417,79.24165946401916,51.41112407719791,4,0,52.99815191593986
7.931297537843108,80.228354880355,70.89898945399493,0,0,40.89910940510826
4.548447399026928,69.26299996061421,74.16065406937288,0,0,39.396945011696225
5.1350564093758475,74.75645407739017,90.40987893757976,1,0,39.872649156176394
2.1505036275730864,96.42270358611864,50.367694013213324,4,0,44.76680714251774
3.9112345509496347,92.27543170100711,24.707317662687622,0,0,36.48994498813103
5.2218451794197325,79.36323669674032,72.75774317130542,0,1,41.42346941640176
2.6980128451553944,75.380034781682,97.0076677226628,4,1,41.99627251855503
5.751396036691344,76.20031326718261,88.58419529409156,2,1,45.909300310276876
3.79872262016239,81.13517972730416,73.14489122911938,4,0,51.800000905668256
4.416612500413446,64.77207434801595,62.62545721551929,4,1,39.966537570246665
3.796586775541206,72.42623462576655,82.10683894955966,2,1,46.47780883321759
8.704556369017876,58.314159261224106,55.39680700443297,4,1,34.87037187679784
4.973005550524132,78.9922312260528,77.14536654034329,0,0,44.865446093212704
2.8845781420881993,81.4719593970274,77.5820523874994,4,1,46.50816874452602
6.645089824206378,70.16813537700627,85.90314861248319,2,0,38.134552616844914
2.5583127000579555,90.73986763290033,111.39490058366616,3,1,55.116870510620885
5.4177271900095105,62.74234336997659,75.88623950768151,4,0,35.20855847133153
1.0806597522404489,60.3562511979018,62.36554561438752,1,0,28.847847008720258
2.343627902203139,77.24451818559972,69.61638531712008,0,0,38.980725216447055
5.393722471738247,85.47098302612154,43.46386142666323,0,1,37.97777754876503
6.476933159990821,91.83927691457869,59.579303033664125,1,1,37.11225461971712
5.342736562379941,70.4111573713106,63.86076342830344,1,0,42.302523377920224
4.768703435223519,85.78680833431295,62.138674030981115,4,1,46.93129007208188
4.3977926088214225,74.61491530499293,72.28532308050583,1,0,36.0770140730732
2.0429560192651453,73.2737270005918,57.66370101426699,3,0,29.64411672849112
3.5603115832105825,83.83659937486672,86.81546000986707,2,1,45.2136735523105
4.078722458080425,81.52322878413419,70.00310597377296,1,1,38.859360243921216
7.114244452437831,59.236078430157505,69.86049518292079,1,1,36.15432263187165
5.687236579136923,89.76540349725896,65.08157925230623,3,0,43.40524822551587
1.473919689274532,88.80091354147451,72.32786025788468,0,0,31.658129686004056
5.64816793878959,68.7443729849047,82.37647397001452,0,1,37.41613917348436
4.229835439167367,78.95803533437409,56.9930467643365,4,0,39.24985857350491
3.6461559993880828,79.94030186282738,60.12825266387115,3,1,43.63450861524797
6.2233525776817356,77.60673765823907,65.44410956835003,2,0,37.36918586915917
7.061999044991902,69.4969484615458,49.811936147901775,2,1,44.029644752903685
6.862560238232398,68.28376632061949,57.71113210417754,3,1,28.21417765905553
3.3215649535547227,74.74445929008554,62.85668689683011,2,0,44.879138636826696
4.381575248297571,86.72729019259364,83.11583771069091,0,1,43.27238984484478
5.662526862807128,80.43600154594432,73.93841993502888,2,1,47.48141955762971
6.951090254244718,71.29385667913894,72.90384867051317,2,0,41.14837025983587
4.04165152430942,82.71698710648344,82.76346943251959,3,1,51.68222830830006
4.628682046672366,46.51457379369924,67.93942317400905,3,0,30.456919768816476
2.7873300519879436,86.48765700372104,75.85697274893334,2,1,38.7395215458091
2.6075867518386584,57.60286221221901,68.45167370601256,1,0,40.116749541958995
6.625051644788396,71.37559058596868,73.98043524099442,3,1,41.29138165249414
7.712480057141645,63.803301053738565,61.25862013582627,4,1,39.58549873426453
4.855979756839332,62.053185242790946,33.41774262585356,4,1,37.4156555709677
7.007065795784048,86.6082678737852,67.98581256720544,0,1,37.22269298341809
5.723272050095268,70.32298798688109,91.3412220414991,2,0,46.63190411259854
3.7097604907897512,78.46503881730716,83.89323103362389,1,0,39.85258826591837
5.722791211016828,74.53079421120816,84.48096226886756,0,0,40.88370042332083
8.076073132931938,79.77040827223121,88.54196082709326,2,0,47.23133872718224
4.928347921780097,75.76821891060256,71.32986386442155,3,0,34.46666830754244
8.129287311628012,62.1700777581143,72.95973561108393,4,0,36.60050016020011
-0.23949020817948874,84.9626681944714,60.73522156848475,1,0,45.295413150832275
6.643805008750448,70.06243416838687,65.25890715959426,4,1,45.158989628859075
5.174094136476342,59.434181013402494,79.23656724656712,3,1,38.434007521288535
4.401985299068265,70.71884839034088,88.05826655753225,2,1,43.80371924080049
5.183521553071005,90.00759790634311,67.908305864785,3,1,44.18613663790605
1.0248621707982144,83.50221742113493,63.24716102722883,3,0,47.89295922924544
4.560656224324976,71.5134786559214,70.00791938284895,4,0,40.278127074105385
5.7142251430234925,71.50742295681572,79.01810123393672,1,0,41.700747651715695
7.955788089483033,71.78364948782617,48.34217775799687,3,1,43.115996354450765
3.9634595634527052,95.76747983560841,35.55728570294143,4,0,37.54022749242236
3.3830127942136246,78.81935452231554,61.74194725762625,1,1,46.14134684838983
3.996485912830927,79.3004164719107,51.689313611287616,2,0,30.074274980246216
6.830804235404148,85.30283454031843,62.37789703529034,2,0,50.94696211887925
5.657502219319369,77.38789159026514,67.78329521773793,0,0,37.172649488595006
3.9404795924659224,72.40957854179297,63.2012738646548,4,0,38.72582643332881
6.026534866226712,73.03650150915021,91.78701301706118,1,1,34.22891614673327
5.194155098696081,74.28398740585936,74.90117146903481,3,1,40.06911896815473
6.937289981065779,74.62777763490159,74.50711539416243,2,0,36.865639706594855
3.5958938122452953,82.2762954363698,79.33310716065102,1,1,39.9496358610719
4.3446757068044635,75.519458858073,52.917503233288464,4,0,38.29065375785699
4.215783693735685,82.3264007721558,85.58667681130403,0,0,48.29052714376635
2.072970103735763,74.19283419891417,68.8635357019681,2,0,39.8977621985653
5.592240554129152,75.7863519031609,80.05720925861819,1,0,43.52262691132914
5.522110544359778,55.01799315467892,53.92214150439767,1,1,25.021073520799312
5.010226913284922,84.16327674702481,46.693618509759034,1,0,33.18802704335956
4.530825733249706,78.46488475897992,82.26834487037543,4,0,54.799089786825505
2.1692585158991715,84.98010109859652,75.64614289146274,4,1,41.81495714041494
4.158709354469282,46.03744621806311,56.46922668463735,4,0,39.04960420442059
4.314570966946461,95.88374704780728,56.95505378087958,3,1,43.66665726289235
3.395445461556762,73.60410371844826,86.88152176622154,1,0,41.82715333411901
4.677428576667982,86.08182816737516,52.15882160699008,2,0,45.47911000342741
5.8081017136290765,64.60094072874469,94.64009429883944,4,0,50.99100387353621
8.77237180242106,81.12773905062569,56.49068898028197,4,0,42.591345430817086
5.349155625663678,64.46584436826343,79.57587888412574,1,0,36.453376069961955
5.515100781445529,68.76231039304194,65.07072286376523,4,0,39.56927576063278
4.851108168467666,94.14031353866787,79.04781146623515,3,1,50.68188726339505
1.162457569401917,73.09317599236654,61.838289968287114,3,0,42.217112253476934
4.946972249101567,77.17432873179723,67.55810640891559,4,1,42.66385809593367
5.120460419882053,83.70067730688754,70.61378763093582,1,1,45.375576376322016
9.926484224970572,79.95681887972604,54.96718816327791,1,0,48.14287564791633
4.615278070437755,76.50418905143576,81.11236518130188,1,1,43.92638904119013
5.603094684667225,78.64961002466225,62.30179650292622,0,0,39.8547444618747
4.9305764605895135,99.03415585238275,66.57100126989972,4,1,41.40212346848024
2.662643924760936,74.42381202966415,55.08475938087231,1,0,22.255502370832765
7.285645629030041,77.01099046714967,31.564995118070343,3,1,37.272433061521824
6.503866065373549,85.50654396007612,67.13458356099747,2,1,43.20630516996739
6.582063894086094,86.05525932957984,106.18923132419374,2,0,49.11333624677343
3.181225090410522,86.8703030556038,81.76906431847036,1,1,45.90504483747114
7.805588621872198,81.38730222029184,69.71109430398408,2,0,43.178626329648715
2.1962978744154382,63.569950872695166,66.05663756187599,2,0,40.79973317711942
6.173714187600541,91.33431532301096,70.3369883921807,0,0,44.367732291674535
9.380911251619956,63.53654606981312,78.20678672762816,3,0,37.720069241766716
3.0189273497386235,78.02635465239034,52.28780777036732,3,0,43.02387008448246
3.867404540794456,67.45724149980641,86.71482542003308,0,1,38.041443975535316
5.199302730175282,74.35861653407008,80.73071973161866,0,1,43.16613341697641
3.9930486917676014,78.2876241030348,80.77278588561902,2,1,40.851010353777276
1.8986731378677346,78.21357215450273,76.57713608214591,4,0,40.28983369043991
5.137125949612055,79.21920754235285,70.29424986540985,2,1,42.30030376656113
2.8753925725477902,91.13711269058646,80.09291853950229,0,1,44.574017761813934
5.9471848612703635,79.5353430151398,78.87721200612067,3,1,47.41405442710838
3.1611515315323935,72.55843364709351,64.68938933588464,2,1,36.62663980736923
8.09986881003508,84.64087168288357,61.39597340654649,4,1,35.72960479133641
3.4334934153275256,86.89470488924641,71.5278444289298,2,0,41.583508300748946
4.355876967588649,62.72392184863008,93.23530227242782,1,0,44.175680131829125
6.62703443473934,80.97400069849859,51.41339386519149,2,1,37.73881236026808
2.5382713671320896,82.01172742310898,47.9871210137134,0,0,33.98433396395547
5.4549198692082586,72.02436496640009,72.47141261854775,3,0,46.21544249084257
7.614285508564857,88.75706813311619,70.76331552784028,3,1,43.26563161263424
1.785033530877545,73.49944412967473,72.60012496555612,0,1,29.56985555315017
5.369267717064608,76.25576453471542,73.6592979686275,1,0,39.9531404433385
5.519765588496847,73.26928175716131,66.65196618047793,0,1,35.09821424239903
6.563645743554621,75.15579047581467,92.34795157903123,2,0,40.81055415720622
2.526098578243836,64.03724913104799,45.98644032285227,0,0,28.54200995568893
2.3590867738314474,60.59949117405706,57.57254462829631,0,1,33.095519223642874
6.0438831312337955,90.94505063224972,68.45117859776428,1,0,44.34486135388221
5.5939693464663724,66.53038651681672,45.35216783268749,2,0,34.80204262360025
5.5009857006917535,65.08607650543692,67.36218393351893,4,0,48.265692511188675
5.692896418993952,53.466098863962856,94.92205248592028,4,1,39.58700441618267
3.6399505568430186,68.61038252310497,70.31329732443943,3,1,40.49349761777994
5.464507394322007,61.76910206592502,73.46051358578025,0,1,32.86256948166668
5.586144946597362,91.4201516013637,51.097528522411295,3,1,38.64821056409544
3.571297163947264,85.09817089342634,60.75457887940784,1,0,37.18434764239953
8.731549022289514,68.11849654822277,64.37205429514094,4,1,38.40878657480238
5.947665841823575,97.52435805344308,65.23427354865649,0,1,46.48060745022928
2.617393005594703,84.81765486991594,89.22465692505654,1,1,57.08256398172776
6.313107217267659,71.75168616491378,78.36536591087687,1,1,37.14360473717736
3.050636659545357,50.005942851264265,53.32813064594452,0,0,24.804537120309014
6.574169207484904,97.90942572590743,73.69757167648007,1,0,47.42639467050596
7.317191158014808,61.10427533236404,77.47332622745178,0,0,38.73181855195423
3.358635363296579,58.546012530431085,87.102235577819,0,1,37.64545907978568
6.926752258488643,85.2257043200964,93.70811029852561,2,1,55.50051322887008
5.825561853872997,99.39752406339272,54.77358712258197,3,0,33.97223903240738
6.64412031998898,88.84272818510519,57.83713733184493,1,1,29.94324469891778
8.793585965307894,80.6390912005236,51.136332116280755,1,1,36.45703730948564
4.509223767994259,80.94754341665286,66.48970211339528,2,0,46.87239389259116
3.492527671285021,83.53415558780307,76.99537561669501,2,0,36.02809271016595
3.2209711407489534,82.58928589786765,84.81001774883653,2,1,29.9890160769584
3.3683794300691234,77.81191423969376,68.86073464536216,4,1,45.31897000410425
4.845796581171792,76.04201103951875,65.20228715117734,4,1,43.009665493073385
5.682303949633288,74.37406872100478,72.2763698837311,4,0,37.58937413890382
5.553381598660038,67.46035411133323,57.472856475549655,0,0,29.02633216436926
6.654366498072047,72.19324923133226,101.3430808254216,1,0,40.73961893553945
5.026003783755814,58.07043185804615,45.885084593229124,3,0,32.161224576931694
7.907068154314634,74.0166037320525,72.77110868343587,0,1,36.790453737113744
4.470686333524088,65.11408892849083,100.35409328844459,1,0,44.8636394645234
10.440338333179238,63.964106827842286,70.10199766839996,1,0,24.112633600782416
6.251334695530012,76.79894151153478,67.14941447497759,2,1,36.685839901028956
3.285684887167435,88.920022863446,64.6383186578436,2,1,37.28767474091424
2.8582150038777754,84.18316606002313,67.29412477356388,0,1,38.57535738240837
5.96494483048637,59.29499396376823,90.59272712014796,2,0,37.60278275290391
4.553074429348298,65.10371863429663,36.8220713300574,1,1,33.70597852751862
6.428000988184184,84.40771187988216,93.00150551944489,2,1,39.197131204827016
5.94647524914709,65.1751260646169,48.64064271324783,4,0,35.88671384334723
4.854342174686255,72.75366850002976,66.00021506148377,2,0,41.759562548238705
3.30641256386319,80.50052099024552,63.56133369552008,1,1,48.46822524453272
1.9703055506282707,65.31655545136366,78.8282990465608,0,0,33.73991880950519
4.106970095865957,76.0537550614596,46.02813472174378,3,1,38.2868345228956
6.712797588646945,61.65974505081795,76.93258999122914,2,1,29.55024658613817
5.4281874882604075,68.98632356048786,100.36464434930278,1,0,31.98031991174596
2.508522442576024,78.19781934142537,49.55238993110784,3,1,41.597104644588086
5.346361851702364,59.070062664683306,72.84559251415594,3,0,37.40088057467677
5.770634759457674,79.40474737960399,60.070267333050865,4,0,48.03629503326655
3.2322851275977342,74.80362201073319,76.38830809289554,3,0,35.14464782798942
5.307450211891056,80.52489954417148,70.28721666123629,1,1,43.93740397789889
5.116417436892,77.23914134064661,60.37769636433536,1,0,47.63793785253712
2.714059404338754,88.64140429973844,77.3180842730661,2,0,47.24018994805659
5.715574720696567,76.25224502647907,97.06522164680115,2,1,47.95785525353782
6.121569052736469,70.70594458874747,67.13644312409052,2,1,39.13048002665868
7.166102486350554,76.22297503032284,80.79636913222274,3,1,37.03820004445206
7.1076041040698055,80.43298029036387,50.60090563193255,3,1,46.870981533675334
2.244661264085818,75.48860070325705,55.65345434772987,4,0,35.62084738713209
3.124349920169754,75.40591691203882,77.08609416820566,2,0,43.811150157235765
6.0300705344173195,67.98008312193245,92.26174042803947,0,0,33.44322970309829
6.027571901824418,68.37099082449052,75.3342002317849,4,1,36.091867731895
6.030095372612096,60.97394728200307,65.30412954215268,0,1,40.94048523818748
12.705462981309442,92.4957674318694,69.98937108135031,3,0,48.092278193565434
6.141781021386334,62.56136764608715,51.243883990454236,4,1,42.740276880684256
7.271131280361198,68.07094802204092,79.0677298953305,4,1,42.75212960253027
6.908003526986405,67.81592734430802,83.23499593485114,1,0,31.545489936267913
6.302782502611596,83.94924376944441,63.218645007503795,3,0,47.80995313203732
4.369461510719309,72.05050321707972,62.94936778360748,3,1,36.0033475373551
6.517938440986535,87.47742072673734,73.98817344478073,4,1,51.141480350957174
3.4543495709248564,68.26509375756132,63.44920395939107,3,1,37.67716308521696
4.526362786519982,77.78994162223802,69.00801078061266,4,0,35.233538617687586
4.029272904341793,66.64652946740243,101.49582683749773,1,0,43.72630719630984
5.163748278772645,96.45149127773388,66.29461448881005,4,0,59.240985303355224
9.629317133347017,63.12401580970487,64.62489771968167,3,0,41.178843432758896
1.2654696148165039,78.09820710227028,60.286872915472614,3,0,38.70543579467489
6.372520380749027,81.33776880932099,81.16287957249905,4,1,52.55963171938021
1.7745682576206967,79.13799097451498,67.28163740172846,4,1,42.960894401764016
4.056136268421133,73.14712341122292,60.25940442517861,4,1,40.66614356708502
7.177901193934732,73.70179300266574,89.81956048409518,2,0,39.48748461439714
5.128560038190925,75.4381147197911,91.29404506770456,3,0,47.110907573702605
2.8445104441413878,73.52997998371511,60.99364651391942,3,0,43.572744557639695
3.5693925814800638,84.6387911679491,42.00190072959076,2,1,33.03946376839478
6.359195497869352,97.10523001591352,85.11270534755383,4,0,59.8202673796673
3.5392667365657267,69.42508214992166,59.73055261359994,1,0,34.73081174159715
5.43291717916395,61.301970204209226,81.85938398744153,4,1,36.49678717272395
5.091143679807628,74.11717951648745,40.44844273432247,4,0,41.34946025833501
3.6967993047883656,100.79709337654319,83.38896007448963,2,1,48.96166857108489
9.28788817865065,66.9632543203027,51.83242106078828,3,0,40.96819021713927
6.267838044636022,91.39116805444067,80.96146178599787,4,0,48.6579848300935
0.9497148266847857,91.77700814076441,70.21409601754651,3,1,44.65667685876302
5.3729086295388555,69.46411758292005,55.690908709050326,0,1,36.59438149017308
3.676427070463224,80.68983079185276,63.894455306098294,3,1,42.9108964149108
6.704866669592448,91.28396623128538,80.29477685435052,1,1,37.14843300583401
3.4149585231345987,71.20872259012513,71.58841679672851,1,1,32.440064845165125
4.770527117066202,72.96419639897638,78.76619470708727,4,1,48.19775863189093
6.0099745579609145,69.18319086051356,99.64660876773229,3,0,45.42758589037716
6.731510388340243,64.85243269307134,46.53637582433423,4,0,32.83695261426723
2.5994071858884475,68.50722454933992,94.25818862452937,2,1,35.65069788777586
4.330997528318103,62.760597332377436,71.5653390628482,1,0,30.474964417230872
4.050109377678088,75.34083468259226,56.51823927515308,4,1,29.416948811069794
3.693341534852576,67.30026768941359,50.04529561391515,2,0,33.17007245004047
8.530908480562193,77.33785911790747,67.1631941383445,4,1,41.05417205236078
5.809963421921911,59.44104353796373,83.82475167886689,3,0,35.088309311004686
2.4782320913299096,78.30880232214457,68.08676319433698,3,0,40.76066904620297
6.835723894109552,83.33528961608924,92.66732395371021,3,0,51.08819438747633
9.244312394025266,55.062643574285445,48.23236464922662,3,0,43.32898062079079
7.064930521102294,78.74056569847572,69.81866578230918,0,0,32.8524579766294
1.9612600680919732,87.27668992473292,51.214098333803214,2,1,45.00723588791992
4.031531854267497,62.90358981308795,75.45447823937452,2,1,42.44009313858365
7.533822298373245,91.72572386837703,83.3033108514595,3,1,46.296444553270796
3.5846610687624385,79.19019009366045,63.6885730947842,0,0,38.944815847490105
5.887638856292456,67.94988144241591,30.936792150592986,3,1,29.63921215867228
6.5492681068586736,74.44230922342294,72.98422220194742,0,0,40.477687352253525
3.1461390568438343,80.58326912521723,76.55107827600264,3,0,51.28930708252598
4.8809492878764,75.76005391412411,76.06442132442547,1,0,43.92131131742945
-1.4825346801381452,80.38755992446369,88.53673287733231,1,1,44.77364254691752
2.9512247173314203,65.79326406920634,53.93419480526427,4,0,33.553761468974116
4.494863697213679,76.69360824036077,80.20324158175674,3,1,36.42639294272337
2.504433636070301,60.8628550309502,87.88761268716962,2,1,37.795811448445065
8.26482260786327,73.88773938651299,43.32118623990225,4,0,44.16952888139923
2.1397172440787346,65.9609235853521,74.79477738878465,1,0,28.967280168045818
4.119911026606032,67.64470057410233,62.43730253488493,3,1,32.15338824896662
5.2614811545721825,87.36093175210438,68.77715990347531,4,1,46.69964264932559
7.8825465781322315,85.9131012059427,75.21514725307505,3,1,42.0467045194144
2.1282756976411212,81.09138120907177,62.691571538296714,1,1,34.754421713861255
7.326327504309919,64.07687235327421,59.86437881257582,4,1,36.00847556158051
5.020466122039174,71.83591550305198,70.51228626232037,1,1,31.833331331244594
3.036982697904098,87.13097699979184,53.69131091705796,0,0,33.22173913142894
5.924206948526542,76.41716913639905,53.712623066722216,1,1,40.55449771761131
5.39811939114694,98.19329539981695,80.19059924434755,3,1,44.118507314118546
3.799566245682411,78.93317839394372,52.76808947262016,2,1,29.764037238505924
5.139604169980037,76.92049116490031,79.99468751363818,1,1,38.980801622520275
4.22937280627648,71.908835357975,76.93886939280927,2,0,44.311951121014175
5.227034690502496,76.33540904782282,44.11289906814105,0,0,32.8294073641916
6.324261349042093,73.47530163619456,59.83653021496517,4,1,38.21669568289015
8.172033632290704,82.0810867668859,87.91164104571058,4,1,49.69726167970221
2.524369002346302,84.56702316794585,55.28251703290478,2,1,30.707820793604974
9.266066749312532,67.14010539492051,63.033936065359185,4,0,42.92877380014817
1.0958244009549962,61.68767046442222,76.93091339877844,1,0,37.24798873648257
4.6964298099288335,56.637946268967035,81.75085763923893,2,0,35.17358496203083
6.176634412969153,80.07991326912544,66.22691670933257,3,0,47.76963364677389
5.561983735470065,63.966333938261265,61.03734707962538,1,0,28.98468259682629
3.7546009603588124,53.471094070475175,91.33554792547761,1,0,42.449823156649444
4.5837554992854495,78.88578604530964,96.08349495696368,1,1,46.48840533267607
4.013998130682334,99.9299951743279,84.68287076172693,3,0,49.83840900752582
3.821270486111577,74.93929088460106,71.27977213847537,0,0,38.16688171067846
6.699204194042049,83.38490774451643,57.8760141753861,4,1,42.73403300699426
5.714030971930095,75.81829358547564,57.54333390165152,2,0,44.64118172683362
3.6141808094786914,74.01110346808858,77.83771157898636,0,1,33.83315004266026
6.799199750866501,84.19076482987768,76.27597331333025,2,0,41.41950781624296
5.614599041753219,72.09725455811349,91.02397889419645,4,1,51.26132622333703
6.62572423767792,77.67392314071903,79.75675138804209,3,1,41.926142238976006
6.259257683847224,78.21697806196013,47.45379547360273,1,1,40.96222097350543
3.3420099781558554,68.31909546356951,85.77921426584378,1,1,48.4855553985455
3.879637919606061,84.92042349536523,55.02909059028381,3,1,39.02482519980059
6.494587210246523,73.25040243304592,64.24043092071473,0,0,40.827853431031855
6.22074053086693,67.44254840507155,73.75300309377542,0,0,31.70319994592403
4.958196812071704,80.36509843570404,99.93501234675946,2,1,51.85347721523083
5.234654766617564,66.01532018208962,116.64877834008041,3,1,49.225333559223834
7.55532979157685,75.28181157369129,79.10084588704274,0,1,43.792035976947744
3.8168572223283403,74.90881003355797,67.25205071919419,3,0,37.221935682660586
6.094194762340075,85.85895565831578,78.01758472720826,4,1,39.49346447003656
4.595614695132212,79.74698232879953,83.31483138810754,1,1,45.941567178061774
4.56463759354556,74.74973041254856,65.18998561664212,1,1,27.97175552211394
7.19755370397438,83.17766299200287,96.92817033868484,1,1,46.6312019857149
6.6508326979760595,88.90207549017313,73.45106138787104,3,0,51.72707733591642
6.627019272001277,80.57810306351863,77.46614633637091,3,1,46.27695657449546
7.610957614308658,75.10352619843381,79.98886378081693,2,1,53.31492688536606
5.042007683265518,61.8816376764984,76.32379915921683,1,0,41.97159997100796
6.363905942589928,64.34886336924627,82.58410750704418,2,1,37.09755094759081
4.379466486813088,71.94775295645333,60.741202201796156,1,1,36.62091982127765
5.648332704976884,68.90487797840717,61.62547369080954,2,0,37.01903770095264
4.739713891264631,73.13028697014553,53.497686505424575,2,0,28.62362513190379
5.193991929985437,75.56649924897107,76.59251845930339,4,0,39.36405565612441
6.190314050873827,80.2969275435673,81.6840475526817,2,1,42.09820885905677
3.3635586335330547,74.29501221940909,76.86659299227829,3,1,31.82614320341192
9.184774551370921,79.86501643826202,95.11738650021306,2,0,48.8943593933278
2.987965237000596,75.6447441481012,69.9160597175643,1,0,37.62646205947825
2.5716227744245357,55.24533433646128,80.03112483388769,2,0,27.244004870927863
7.316221747000135,65.60664606181246,53.624486857910284,0,1,35.354444215312505
6.583325387925871,73.55912444278384,64.19350446288398,1,1,42.11913210403709
6.24823963410431,62.90305257158892,80.43306636348666,0,0,38.59199729214018
6.25669101852856,80.99928729996205,82.73653166114715,1,1,42.72942805358463
4.975506454306171,90.30750832343698,65.59049578503726,3,0,48.15776499452029
3.2054912570283367,87.18761851697317,68.92601122212899,3,1,47.62478610471254
5.151609116387453,72.86557129069791,47.231893799787855,3,1,37.903711642320374
3.6456765769757764,89.90726136849952,64.64456198790086,0,1,37.236300186746526
6.9502394668355025,76.48667457202112,83.35574745279679,4,1,47.780251476455796
4.705885236995723,71.62914028881961,78.6280752415985,1,0,46.074114483891265
3.349005606414977,68.8659733645906,77.50998582071814,3,1,37.518246123028156
4.357228316694013,71.97530313511872,70.7466053077144,1,1,48.974500024418255
5.825862908551248,71.11823181458772,70.10594737942264,0,0,35.058849513754424
3.8725508943920506,76.70416222375488,60.09518290789829,4,1,40.74134067316362
3.3555592088671373,76.60573981049865,80.48242630303803,0,0,37.05800290727237
5.487374422983825,75.03046020153414,76.31459416584084,1,0,42.08336084242325
5.4899331422174455,79.3693816974635,77.380282719892,4,1,36.77173584692805
3.9861136492577405,86.90646274786342,62.10947735998629,4,1,41.358070761975775
4.057923388763355,84.49554135441323,37.69985620193133,0,0,29.051197000472744
5.464099874715273,60.151020315500965,86.45729067630543,3,0,41.199095919258944
2.1038313170053518,49.46078865098045,62.81743815987394,1,0,34.2154936316156
2.1850724512468895,84.34319911239274,57.058363539353195,2,1,42.81869235765998
3.563111557495128,61.33121301584579,80.4021836787099,2,0,26.0467484591993
4.573105696576306,72.75234598107316,64.11981040121306,0,0,46.689256417834486
5.621815131196009,63.298869739406406,85.89904576069932,1,0,40.894595829544535
7.950712433899104,56.9801956241998,79.25508924365046,1,1,33.24286580708468
6.7153192464040385,80.41462728204787,80.25353984800716,0,0,43.646863447732116
4.680122940073145,82.59155160302647,49.51066433199199,1,1,38.43259663584906
4.961967584194622,69.2348959927328,88.179159780796,3,1,40.05684420289907
2.9949412707243823,49.0895770785509,73.91875796850785,0,0,31.69818456226697
4.96297372801522,69.53755551747517,64.46084291130695,3,1,35.701263290608495
4.422682722159723,78.91804005402547,72.15082701013377,1,0,38.85284054364817
5.645437120676179,60.21088431225871,43.356471506525196,0,1,25.5613387644777
3.345538112895354,76.83359919779156,76.12979217221006,1,1,33.45089699023936
6.038693028482345,74.84690150827005,54.559427377268925,0,0,36.51061549040466
8.065477826005155,80.79291499601088,49.70994571234698,1,0,41.33255195425642
4.782479703086285,76.19580368414154,47.16461220673163,3,0,39.779073408205164
5.8034234441978825,65.26931059118445,86.69032562484888,3,1,46.33985394318044
6.380287983422225,86.96571501664491,60.561049094608165,1,1,43.37574056735834
4.197559056228328,73.4147042697303,93.00591564874749,0,0,39.64099054207539
5.448184963620833,74.72695460490068,61.96297805421553,2,0,43.18827529991759
5.02518480156359,65.66732040926804,44.3896306361058,3,1,26.80060847141734
5.195352197097663,70.5671774880849,53.25213340077011,3,1,32.39536389285615
3.4539804322890673,66.15197285973099,88.53717430010408,2,1,36.11361853373952
5.049020348517885,73.27053940076577,67.66152733095,1,0,43.933355721523434
5.9959965824909,92.11708480142343,61.77569055264099,0,1,47.10260475465196
7.902287215590084,61.28098857068643,72.40027338779181,1,0,39.46179232022531
6.918541652170414,58.86438602123259,77.52674104251318,4,1,45.291730001799564
9.306364915023114,89.71170327493608,86.76098223853691,3,1,46.59183948413751
3.465304874223901,72.90676322848134,91.7274884483939,4,0,47.346624207217644
6.744641273441356,68.30927261340084,64.60347031316371,3,0,38.485460214113715
5.366684011476703,85.39904687396077,50.10928470876942,3,0,45.022655127957364
9.379605866435345,68.94384460263136,63.79802258315086,4,1,40.61847908123273
3.383403429289697,93.26009713546937,73.9042075987433,4,1,46.187517590054945
3.3205563156384477,81.7792587133927,55.54361610684084,1,1,40.675265954446296
3.8012147091119557,70.12088591854297,55.642736276574354,4,0,42.066144750478706
0.7522085513803862,96.57308213265503,75.15681822324828,1,1,41.96244573076431
3.948489956638478,68.94285076996661,69.27021472644323,1,0,36.81091580217215
3.481734676892604,82.42095372009307,70.4919549311738,1,0,35.925167804811466
5.300787572952415,77.99292580406492,58.62256997949896,3,0,27.75240167883554
5.683511951554319,88.01741289398798,66.54398928691349,3,1,45.98972466326946
8.752341678431772,90.61511196726853,56.136502835975435,4,1,48.95729761002152
6.9008476763721,75.32004149065767,83.3529761668718,3,0,46.33728079655413
3.8461926886751936,67.46582129653817,85.52874002085629,4,1,33.13616287983095
3.203170657303284,79.59972142939117,42.307182066428595,3,0,34.868373954642
5.983838343013011,68.22284630247894,56.05733709711385,0,0,22.980117847116254
2.3595335859587157,95.13387247526623,47.55206117364881,0,1,45.84289294996404
8.662917531708707,76.36535331082737,60.249640983896526,4,0,36.99442829212057
7.358880241442574,71.34678448687892,68.74843045314459,3,0,47.37429158056911
4.06164869579059,76.84680305864909,48.255321704522046,3,1,42.0591129552361
1.573730941818245,61.52873710470303,56.1721028031203,1,0,26.819582306081966
7.707744748330826,65.28385961489349,54.94063941877752,2,0,29.992458911217156
4.770920309494764,87.00413907944426,73.10900994098417,4,0,48.3832629177597
7.4756326239469235,68.43105721028604,71.04016505554375,2,0,35.50598303785797
1.8111446824112658,64.53089017318061,59.1739366999412,2,0,34.430935475697964
3.8012499540924543,80.36652752527286,72.65231308209097,4,0,41.74678290160244
5.010487399436366,86.85704154662997,61.79979873119102,3,0,34.51547509767357
5.093961187529484,82.18953310665067,65.9251733451092,4,1,32.727138980406544
4.099869057041513,84.96047685805816,95.10178135447805,2,1,49.28186819360265
6.2456998646949975,67.43204911430539,90.10691577685522,3,0,40.941489103887534
2.8647591412348112,60.78189333258156,50.506281446086035,0,0,26.716278860914937
4.715241029957413,90.01333651955487,82.44598626818762,4,1,52.858613816955874
5.240591263423798,71.77320161157864,82.17094831737388,4,1,49.92959803548011
6.028877668117498,72.49166983544953,52.776050668710724,3,1,36.35153854481496
6.423229756177779,88.28194141849058,82.2816646563229,0,1,43.80721372473356
2.7507158163242615,80.5623000940066,93.06897877618829,0,1,46.383487275538755
1.9317716585287554,79.55887772081607,53.16182790633379,3,0,31.488059712425205
7.555353643797018,96.65002344901083,56.237457684786044,1,1,45.38040530291776
5.6646280239591835,68.56481769619857,85.26492200265254,4,1,46.647710778084516
3.5030269268868928,84.27840128081237,74.07242966238472,4,1,48.90036812956356
8.102303951045046,75.57013124897084,78.27214412859286,2,0,33.88262626831552
5.231349268585717,77.68592278863257,75.10883824600745,3,0,39.613307844180845
7.358594368127653,90.28468426412532,75.86043881392216,2,0,42.80961452515575
5.135036962820218,80.07835756289624,50.102918075333754,2,0,38.59754044110978
9.121495849763974,80.38296079049633,85.70976559932173,0,0,47.30916259575875
8.510681684886409,85.72507337309803,87.54384988641661,4,0,58.1141167003972
4.502071703041853,71.35047270457115,66.55913883897958,2,1,36.04297085854364
6.943141901908711,66.60790332660994,69.34784575279207,0,0,34.14133441775881
6.290751899170295,64.55190805978967,47.03338746166417,3,0,40.03691076433158
7.737263115064698,55.33643410623998,77.71382134026753,2,1,38.7214844386029
3.070153078839791,95.56207129940321,78.58086162571216,4,0,55.95111250243918
6.372102919996879,63.96791634278317,69.06713474501034,2,1,38.996283034884954
7.116848973699176,72.78746376414227,86.86530039805754,3,1,39.27045570476751
1.4825210271537714,72.2318670011108,64.98884153530089,2,0,30.594695044365896
2.63348297466845,78.07406697809101,78.469088888404,4,1,36.41186981568084
0.9215356444797989,83.15737212539297,54.705034919618264,0,1,39.567092053125826
4.461186331110884,83.60473488359746,69.64671773688643,4,1,50.73822266033591
6.435084511591924,69.16922561431062,67.38468613145746,0,1,46.04854942215335
8.004714104192056,73.32878286213588,73.37961883061412,1,0,45.09197092805662
5.14818956083955,77.825799504883,64.45709606749962,4,1,48.11262777697557
8.257231091142584,72.51308873816453,68.02791106492498,4,0,39.76231960762296
2.2397970835702172,91.07345576019992,82.3907075716226,3,1,41.9140179920933
1.5932351212896907,79.90974951638252,63.44853644142674,2,1,43.55032285380375
4.888904602206763,82.34877786049817,45.90134348891981,0,1,37.92886765801312
5.768130897878614,81.62881268667412,96.24375856308131,0,0,46.58186974947441
4.934610503811814,86.73473857485325,90.72181118035729,3,0,51.07548541321711
0.8651157999202468,76.81021558703706,50.616059573415725,3,0,38.12825032305339
4.821759920974423,62.03168052044153,80.34561707867792,2,1,45.026415839525626
2.3910609989902936,78.99687951752642,62.455378441729856,2,1,45.62149186728479
6.339345097660077,68.4864310620817,73.9523082299659,4,1,44.59323076538345
5.733196492193697,69.71383318250243,74.4133619352024,1,1,43.31911530148332
3.1202404273452897,80.86364018755093,66.48388299525517,2,0,43.374277588378305
3.972266165326613,87.38283071433636,58.24351501620406,3,1,40.14661002349927
2.881572956222097,75.21271576736062,59.64188421525611,2,0,41.42764413031394
4.874641805453656,78.08833012598964,56.257121267781365,0,1,29.655304669238326
6.910284641002477,92.02214944635239,57.522666876543326,1,0,48.144749827094785
3.0285479073289125,77.40753179488568,68.99232564925967,4,0,36.259529132419026
6.008093031035688,101.01683114180395,59.26360016333872,0,1,45.990023021596876
3.9394847632551184,80.65509645631545,80.2307809856893,0,1,37.59270924720374
3.4142543354753117,57.39237240844182,92.30869233003891,1,0,40.81209683810259
4.785939280090885,82.53341621104532,61.29920137944936,4,1,42.764614721600275
2.929515355161252,78.81158384882778,73.59106750803066,3,1,34.559715007502305
3.892701389305636,87.89752754082745,77.495276654544,4,0,49.52889230397169
2.604244214822303,81.73181351269959,77.08003406378911,2,0,40.08764466833306
8.929450265832779,73.61544016016227,71.13932901874131,0,0,44.2900115621969
5.070527103943458,62.757017637106344,81.14023627539584,2,0,39.08999183146049
3.6005489840148286,72.90976742713974,77.23373429020985,3,1,43.73700160673002
5.427959821468444,66.494795457907,51.43506366509053,2,0,29.618790523901524
4.77534390061834,69.19476550195277,83.03734096583909,4,0,40.32937424686418
4.558060800933554,80.88578404420609,83.30936255900113,2,0,42.45763886493005
6.22833340008685,91.69904504351406,58.550708437321276,3,1,48.994700961766
6.51501542009461,78.9467152982298,70.56906753171403,3,0,51.790719702877034
3.938997704778945,63.04116937964815,80.24993489216604,3,1,35.512078115524844
3.8483635187106398,79.4460266822014,66.86029270630958,4,0,48.129452676694996
4.449896605696712,86.96631486645651,86.09467071649019,3,0,37.24040015688517
0.39615767052883033,68.90217095680617,105.45808741929042,0,1,35.94978483365002
1.9696178756028955,73.65982833327082,58.210209510475266,3,0,32.73394527138359
7.733748534889049,75.14688194729197,49.28433095269338,2,0,30.731886741478277
8.289935427002568,67.1510168691776,74.55727893407314,2,1,32.45479306943103
4.501927920887243,81.4828043384386,80.82343757689215,2,0,46.475294545953886
6.153113926111533,73.79051851392218,66.53700439232847,4,0,40.83546351444765
5.622500309087072,79.19532443907028,91.79890994981551,2,0,48.26440643334457
11.157761616910475,66.125078221979,49.92091300415127,4,0,41.7371741447957
7.2391498228691535,70.62541699676589,80.39377934547417,4,1,45.49012586313493
4.744164817038467,82.22381357827771,60.9120876886166,3,0,45.036043418773886
3.0889191187991485,71.27166847908234,95.79066859310944,0,1,41.427540478654905
1.787107359484855,92.26963851233405,99.88773029752177,3,0,45.43831361546979
5.406927271734446,71.00363814385398,58.500151183249784,3,1,43.452963492603914
3.487298509431393,77.24684725751887,61.7566429613713,4,0,37.974741509396836
2.1554925808046517,84.3259083187309,82.89381830469702,4,1,42.060751695068404
3.7068542315149466,60.816342670669684,64.19304025315728,2,0,33.67666316541635
2.83690399277121,57.39191188019224,69.31883173101643,2,1,29.652046910886874
8.37428327014513,59.74343685429905,70.38082630813615,3,1,36.26175771602784
6.763279513898901,87.62584103427182,41.204902657035156,1,0,39.95431425506547
4.9840547173667655,69.48141854107553,69.79243380858644,1,1,39.53824290721728
7.959888277780052,100.58199285668252,59.654083389037396,2,0,42.8002195137961
5.154736615295237,69.35752401342612,62.60315766400342,1,0,33.9512565182029
3.2774315973434724,76.84551303197037,91.65448005203221,2,0,50.06718758278616
8.046248154539315,90.42109952567876,51.152396585811154,4,0,47.057309025351294
6.077820087369317,95.06092888159122,82.19807780121965,3,0,60.76434745641173
2.925507691347087,95.61503576636397,65.81555604502287,0,1,48.91846588416024
4.619322643832784,87.08366230593143,65.80359747256249,3,0,49.85501258662474
3.2487634932304856,85.24062525811462,81.85557844077567,2,0,38.303465910602704
2.234400538071328,80.92526949201184,75.10076941853336,2,0,46.01079670470587
6.852355095063283,82.78361076166638,78.55919495829296,3,0,46.022330249699266
8.818833280940261,69.48814283671467,84.52276990799291,2,0,40.523621127297844
2.2028648523617176,66.81801116577692,65.03037425225016,1,0,35.77270084379044
6.125938473381142,74.96625542589048,60.81644898238375,1,1,42.82959948665377
3.698714861756346,73.29815377475072,53.72274210163303,2,1,38.71763845247542
4.0257492324706075,70.46771950672725,57.61884205031567,2,0,31.882014948359252
3.8152121515222617,81.96387447456715,114.23641637963088,1,1,53.67482504686832
3.2720184606403677,84.5530520857051,88.67019371105181,2,0,43.220824041798224
5.097043255889654,75.88406886291847,49.733884506879676,2,0,37.83423045742877
3.3380997671779244,89.77530081055262,50.16313064884645,3,0,39.783705942420575
5.540913651559678,63.58310885866495,77.22799092577738,0,0,35.642565044700696
4.899523781101726,73.06340540720282,78.2089719606695,1,0,44.351840401937984
4.522103906267181,67.83177679397195,78.23325752976046,3,1,35.60405750757106
3.1848726759168042,56.3346338292694,66.17566309669454,0,1,41.13544720987111
3.8464573388633347,74.17319314157301,68.1181860999565,2,1,30.30874775153606
6.510782451651512,73.78252491616716,74.91819286239036,2,1,38.73437061171454
6.0018343752487615,90.13449743242131,71.28839509439996,3,0,48.5498214484146
3.044889510402898,81.30811684554777,36.71049440878697,2,1,37.874060571759436
5.198664610858452,64.75813175670795,66.55300554137209,4,0,38.315127876771655
6.502774246743578,93.54092566334188,57.2289034860953,3,1,44.822214579911346
1.6611894377572565,87.21033695525352,72.62817128362768,0,1,43.40596154504258
6.08672038475987,80.82097703468615,114.77888503905115,3,1,51.48141088483162
3.674752482108307,72.73515901150168,75.51222498211456,1,1,46.35879998239127
6.141197337186319,65.4056076327652,65.29705470741403,3,0,42.334317737344904
3.4734816869149663,71.27793223928947,83.82702252965878,2,1,45.902298607512755
1.390235798670962,85.88748619704185,77.24031830813819,2,1,38.939620223356485
1.7449151242336747,93.84586305934609,76.30141735677762,4,0,47.71506631682431
5.096169893322764,90.43243528272188,79.10275889823507,4,0,47.48642057818916
5.519445003442963,70.11150578213726,100.84815347244312,4,1,42.38285355205966
3.191366749791183,63.80382566710989,53.03667347011127,0,0,32.82585001380053
6.277184917554748,76.40886246911204,77.10448115217181,4,0,42.166200149290795
1.6769598754620803,57.31560634437149,56.10428305027692,0,0,32.36334161280285
4.867840402705367,78.23167714184781,78.33268969513372,4,1,39.732219428191584
2.5779676004750867,73.52397413701331,56.21970232770858,0,0,42.92752281104485
3.696327784395682,70.33963498131757,63.73949779592373,3,1,33.84665787437799
5.094797342632828,59.05296932733204,65.5736512864314,3,1,36.9650516785412
3.2791732694320954,80.13600106569717,84.63725079017064,2,1,48.239216337456455
4.230888911540349,69.6729916033809,83.7768166591362,0,1,36.496414226457084
7.012585618428881,63.30083164289712,51.31423935330423,1,0,37.320474828066295
3.8462162609537023,46.2773778671835,70.82401166499773,2,1,25.440584208534
6.671384224130284,74.72485094949364,59.35630217876241,3,0,47.217857906165484
2.740586290684764,92.72251596669744,51.12242633986998,0,1,39.20822089908592
6.059608355830566,91.6125921454787,66.74474424363444,4,0,44.274512794858325
7.883137241315801,70.42903743413729,65.37275817316271,1,1,36.86060889926287
0.056710999745421375,68.97787939638219,106.40074729518284,3,0,49.04079402481299
3.406209489059046,79.68774256075024,76.49439738041045,2,1,39.64540958067859
6.15414425436108,65.01614560811709,49.33573748868644,0,1,28.086860434802958
4.593909227914015,78.01791899819466,61.52838993743587,1,0,37.44093439019248
5.742291746742618,82.6608027838469,85.32074943144097,0,1,38.274496856289474
3.792029626568359,87.26933223884308,101.32664159304888,4,1,61.06565938059912
5.1731795749458,73.99845923520047,46.210250316430624,2,1,32.678886707750976
4.688645529215841,72.96326249823034,41.80113422291433,0,0,36.28274773664032
7.335564123319615,66.2201741324344,98.06447763057673,3,1,46.460523833412374
5.508841686602426,66.73119645960139,75.84421266056356,2,1,34.46906789222426
5.675205324150404,72.73521108098473,56.9756090218545,3,0,38.45599371226284
4.1762460677550655,78.67365506816178,78.01943629183653,0,0,44.7964961024716
4.024787551855013,84.13584626233249,30.463783914746834,2,0,34.00211900695958
4.134883624360758,66.96821049319655,70.05063259895742,3,0,44.7201078467499
5.788904284756594,89.92688568959522,74.91731759264628,4,0,53.38466790321978
4.158031038359474,72.2887639895743,83.86405209306744,4,1,48.71722630412122
5.579549713792826,74.78632705651565,54.791560715611936,0,1,33.32774628422923
9.150801597290878,67.52788320852177,71.28530742105039,2,1,34.77653484677552
6.742249406863385,50.75759739727059,56.11863060910619,1,0,27.079967076933794
4.347952935664318,83.8404539636105,73.83075633511476,2,1,44.63867333370543
7.40242784432789,82.36843897092433,56.56980516455464,4,0,45.71439742958116
4.183849253956897,72.18672442881787,63.87848741259669,3,0,28.247397488945218
0.9237509296442923,75.66990717224871,55.062769078146566,1,1,35.042460331102895
2.983827378165192,80.159392177041,79.76704362735485,0,0,41.98520345646527
1.2584161579482886,59.374541431134574,82.87676674984998,1,0,34.50336096091193
4.296973031917383,69.70947322653706,66.48069145063879,0,1,42.38413866593522
5.036836758379104,82.94264679621827,70.57356992440043,1,0,44.12114309835157
8.352874624550566,62.45710576830751,48.27112878049684,0,0,38.283466876816334
5.653854747528325,77.9355793216663,65.50485027989819,0,1,37.663383149739694
4.561798942382271,61.43418195376595,69.24693074437383,1,0,39.79174777449208
6.658811162366979,79.66429982433526,109.31189636544963,1,0,57.6005256579749
0.5777293819842297,74.64358517702516,53.320494613387545,0,1,39.846733474942056
5.471229116217132,58.848681840944906,91.96265858128656,4,1,36.77491994788397
6.541730387773933,86.64739354457171,84.95288160198712,1,1,45.333106151166604
2.042827508440317,67.65408423201951,74.20954606735205,2,1,36.229441959203406
7.287508086413858,66.89747562985619,96.379307262927,3,0,47.70638005148943
5.676992814988829,77.00569197230944,75.58158208910294,0,0,43.92058891058161
4.169424172198397,86.48637349428715,75.83738793501894,0,1,38.58669593404061
6.26556373221257,64.84178181021603,69.20319020473681,3,0,39.138590646481894
9.541385715608792,75.61679849847971,88.35353323627942,4,0,38.07266382226263
5.36373251011699,79.28816500330574,86.44703850716326,3,1,53.43107523548061
5.496441172600672,81.93105607263143,60.614840687556814,1,1,37.33899022495759
4.081278200919511,76.76441555277225,50.211292081018485,3,0,37.98341406162566
3.3003112610704166,71.32972160916678,66.95529043906514,0,1,34.56185050505093
6.660671633088491,66.7240977935128,57.99942153403531,3,1,43.01152017316337
3.2878323481822656,75.86143883046375,69.04713138076967,2,1,25.695458657579074
5.143132474438785,64.27860988014393,88.56157202026209,1,0,39.97009864624157
4.044685106469767,45.78649516505393,63.14047517369815,3,1,30.452823839355226
5.957959651492784,79.36559804157667,69.35764928032637,0,0,37.79621119117697
5.667324210573897,84.03934841086195,70.87034102212593,1,0,51.28393514009149
7.075079888515798,51.37067564458162,82.72646323307927,0,0,30.349880001117803
3.979967202290506,64.90269295290062,36.29665999023092,4,1,36.18110765101088
4.460250129413257,81.19154261005198,60.89949557852055,2,1,42.10272589401542
3.042472568435385,95.574954697117,73.16925538419208,4,1,54.83092277602525
4.111413479847776,75.20793707675408,88.00118434640292,2,1,40.47123796035839
5.754600986089704,67.71997058770866,62.621463287406925,3,1,34.477279732611066
6.513977233290704,73.1710355889516,41.85170940937189,1,0,39.40759298926314
3.1556693516447494,88.74876419148185,79.29567168949204,3,0,48.872637877651414
6.73921184021132,68.54035820875464,60.46956416761556,2,0,29.627018298850246
7.711275717609902,67.00807993349747,52.155000113644576,2,1,32.92140921750576
5.826869806447402,70.17256477817968,60.63481915430164,2,0,39.4413944561335
8.753591625116131,65.46671391741287,67.23211963516226,0,0,40.77669586003572
3.452421601792854,76.22670315994796,60.92883003192681,1,1,34.03859232912212
2.510690593377166,91.2467845846956,36.91650914351396,3,1,24.190333492377633
1.4425595021914428,78.23079273116029,83.45599295330697,3,0,46.35357613957123
7.9920886229783665,72.47646497873713,89.12312561918083,4,0,40.662796616928766
6.308731312708115,72.08188731084456,79.77282987009258,2,1,32.01593070174307
4.8888306581790895,59.36809191303343,52.93471494362775,2,1,18.19127320098651
5.5599372526396404,83.83109777147159,66.97762699078723,2,1,46.83873393164348
2.749021905403247,74.22162802987198,69.90218027155812,3,1,40.98962047745935
9.891503959233653,73.19520086409375,78.98191584342865,4,0,44.58326310804606
5.258442363950455,106.93107567844861,80.02510733077122,0,0,57.13284293008282
5.218789589209786,77.98752908365687,58.987393018322564,1,1,41.46787657956085
6.451533247797384,67.48208949904816,71.22993334620341,0,0,45.15272703168367
5.962018463473426,70.73642403794457,76.85920606922862,3,0,35.01389844978348
5.447768048558263,86.48445709196756,91.83733483220149,2,1,48.31915819368405
3.4190510891093764,76.13270410537764,80.56759809737085,1,0,33.237384411991144
5.942936714271991,60.61722021682633,81.83585031063278,3,0,38.782599153605915
8.764048992950068,84.19228934575203,71.25739941894041,3,0,44.77170701586033
7.690840092309955,68.31855914461006,91.15688717805256,3,1,47.936349402232864
8.186373253278795,93.73297776217545,76.14644193939246,1,1,47.85155042355213
3.9775686471376295,85.80048065714648,57.08368134739644,1,0,42.864943616877866
3.020790359482838,70.52678104341248,91.05054955187786,4,1,48.09366103288693
4.748426159800704,87.81016361735112,80.46854908808541,4,1,59.11077275365841
5.111449824577389,75.67855510527403,63.354339683072766,0,1,35.84253112159709
7.188383036941897,83.52773675122219,62.80760548901135,1,0,36.790081834613794
1.6150707405703613,79.84732817294474,74.44863317711143,1,0,41.7203714601159
8.059100638921228,66.53643345009127,76.94777192901377,1,1,35.562724540700906
4.683984202842021,68.56450167682539,72.95938398446809,4,0,48.444624823260725
4.14623786010516,85.29960817581161,74.66963010164328,3,0,43.766213422388034
2.975791249479665,71.65224667893459,95.49936061864571,2,0,40.95798078783143
1.6902866562684613,70.96351536758003,86.07314728352328,4,0,40.823220123730465
6.646341167923829,65.44877420650647,72.85953386897536,1,0,41.45716262027475
5.146635934376808,79.23599065593461,84.11965871151224,4,1,45.86464839667613
2.4200782005178922,95.62524919243145,54.512141447086904,0,0,37.34970022670206
2.409842455872768,64.32467085745728,75.96890574920214,1,0,44.78187897754437
4.328430601419743,75.24219456672758,97.13959524599665,0,0,39.45110045647675
8.338043050578786,89.12220555415429,66.72931156911439,1,1,44.595571570465644
4.48081729727279,74.20358608754285,57.28549107071373,4,1,42.77203171736586
1.9937140937637876,79.52371796249734,60.21866667110409,3,1,31.541658808390167
4.508513871828112,64.37606471853121,53.655504439864174,2,0,36.24862835929307
4.454552860504659,79.28307097207649,58.22857137808445,0,1,31.936918334039454
-0.3937732858831433,73.12855734995452,64.44237852114956,4,1,42.78344749903302
4.8914102669643755,84.85729995679863,48.91649471232037,3,1,35.383797976694524
4.538130939582644,86.87386051564751,70.23427500924404,4,1,49.38811069162042
6.3924127296268365,100.89563642018614,83.53415760679971,0,0,55.061652870740076
8.69791218989069,80.79633173213576,56.38365729779619,2,1,45.30197848332027
7.253130059095515,78.25796316582166,92.78925885462652,4,1,50.19307598550053
4.462222618890339,76.94384301577335,77.66188132791392,1,0,40.24391350322242
2.7869481825166593,71.46833707189312,85.45870878436085,3,0,39.76492426977255
10.14671960649972,78.38483843461691,60.132481692217944,4,1,50.95580916551407
5.118436868028977,72.0459858986097,82.81787840599924,3,0,39.727270097156136
5.027858583825893,76.68460976269614,53.6209914940703,1,1,31.55539429330328
4.951749825779993,88.17597535607959,83.35371251254763,2,0,50.431079714809556
5.39616952153571,64.9345743472036,72.57759009690297,2,0,34.173674116223474
4.711279176152115,86.39878561129045,78.29876829977175,1,1,39.713583526471695
3.8526759862395275,88.17115067339866,52.36608091562722,3,0,34.247610468792026
3.9062821175192157,73.81931473008922,56.57395236585093,4,1,36.608548541902046
4.934493459568003,53.78145100991405,78.95842327380078,1,0,34.4863422220791
3.91315045773247,68.92178012905568,55.77477993663699,0,1,34.612208847440584
3.5743084346456713,87.96994546561109,76.94809438148684,3,0,50.96685711133638
5.212860455383794,74.77131937701118,49.49293290309632,2,0,39.04961619420511
4.490045565158289,65.0069776770509,82.72261319000002,1,0,37.88827306941269
8.007985977165378,69.95225078771783,51.51215027847236,2,0,35.500321300977376
-0.301939616786024,83.40620026504553,78.28449906519285,3,0,46.108771390413736
7.1830137038449235,80.4673356820138,79.38446400469002,2,1,51.253149801722955
7.492170384995259,72.61067900830305,59.54842272355638,1,0,38.32132739861629
0.8532195351837011,71.33175588185313,78.7303985062709,3,1,38.14124000883155
4.314624811839303,71.08241850956178,73.90663395000334,0,1,32.8675722621772
4.257118268008417,65.77589815501497,61.91737215710893,1,1,27.593064863068516
2.1849766105643575,91.15375689469442,54.871679738856876,4,0,46.52580202062306
3.444366624818249,71.7767953078866,40.56061462491131,1,1,34.91280078547333
2.7788483090683425,87.17158520825497,75.2447507094954,3,0,48.19878265353621
8.504540886847245,90.21316051922452,46.52795842956917,1,1,40.12805896465981
6.871356786294922,84.9831089814796,71.43016299161962,0,1,49.56418173674453
7.543110189988317,70.68379687281951,66.04827675876626,0,1,35.01144601667035
6.44334412808647,79.03730090336609,80.18714163157293,4,1,51.102302434595025
2.7418964575655416,74.75804393609084,65.46931750765204,2,1,38.424320790436155
3.9509594674404527,65.96298139269872,65.05828320479363,3,0,34.33918102234784
5.978749122455836,78.24359281721603,80.97806056432444,3,1,48.02284114360084
2.5557443822161092,63.20960208840198,75.02587043626177,2,1,39.03853306007937
6.425996860344776,86.87679388461564,74.74233935774167,0,0,45.366768577405566
4.5193492036837295,70.35382702701607,77.03901384712789,0,0,38.72808266928489
4.250358384900805,77.0115965587284,46.966418151893414,1,0,35.00744054337336
6.421919936406983,77.83287871546142,81.35183019980472,4,1,58.13085759351435
5.88852662297208,72.41095026295923,79.18703191020404,4,1,49.83738533609828
4.278067668361841,80.86693801475275,54.74975307135254,4,1,44.53539356096863
7.318659606728496,70.25096343377476,66.33879289488698,1,1,38.82950724281817
2.8378733448002054,83.71297297457244,69.41039068558553,4,1,49.166905370392264
6.231871213888527,61.54020319753251,67.98254823397401,2,1,39.141292973567225
6.186202515936768,76.26379579546412,75.00789949852802,1,0,41.48622340858972
4.38090712137202,94.38928999058285,91.47050172746775,2,0,48.84542856488763
5.652266044484236,64.99668675394426,86.22650091509243,1,1,39.600625938682015
2.497772847229394,68.22255029475149,50.31671209852891,4,1,19.677087967632716
6.848054038413802,80.13907849658915,79.33104985459073,2,1,45.70015933174862
4.630195727114022,76.79581781939598,89.93399979303115,2,1,42.43524319471883
3.954553958961921,78.50630099273559,75.80212781033804,2,1,50.25748743488747
7.098018451673779,79.89187130147664,86.3647063777895,1,0,45.176430400729174
3.5913126189144817,81.3472146856177,100.18405668551148,3,0,42.93268369267859
2.1830774072728807,86.09699841956223,85.35564319160471,4,1,47.52405835645817
1.8867416529521925,79.09818656928513,73.73962893462593,2,0,36.001472993579085
6.21201990269128,72.58742345381458,85.6763271112713,3,1,46.76333749803748
2.439141295007434,81.72573701202731,72.17331749645336,4,1,45.38277794259926
8.50958836396873,93.99881934895215,70.35854564927433,4,1,54.46438843566934
0.8361411842325559,73.67366253617426,64.72878646429402,2,0,33.427903568931285
8.392912736580076,65.25470695329358,93.45120038248163,2,0,43.79385773825716
5.422034934405237,86.07080669286972,57.72357001086998,1,1,33.70966100666383
4.806573776259215,73.79618836046401,92.98551587017174,3,0,49.16606310230081
3.9101618263821005,53.27330453985964,77.49796185610558,3,0,38.64000436593246
5.798272228704142,83.47421677150422,49.01040737797088,2,1,41.64268050366495
4.9247305951503035,69.64671814046078,75.51473939487133,4,0,41.97495071595732
7.2066037640330425,74.0946671769584,38.49960238522564,2,0,36.88482658968982
5.228455297324079,78.31980330569014,79.38262025246553,4,1,53.48554270267276
5.300603522923756,76.90499679779066,83.27847224483486,4,1,44.421963612263596
4.272775575572288,82.09451817139039,61.1146606652192,2,0,41.2536237332403
4.886108752557865,70.64513629430157,71.85321543933374,0,1,32.087995981273316
5.615603537784119,80.13105798176083,99.31236150625429,3,0,44.8067263029011
1.5796632146867489,72.40453322416083,62.41379943607095,4,1,39.32505160580367
2.303629155788574,82.38810480887503,54.11638619415099,4,1,45.980828077317675
6.48652818804543,81.15367484013053,92.22495103693899,0,1,44.10429981338727
5.341730876255884,65.64561297955404,99.43880785796192,1,1,41.53855516940033
4.632033327294642,85.85982116175032,70.0554350777177,0,0,39.58742047246462
5.036867866130787,69.64036554885952,85.17194553112535,0,1,37.267462563113625
5.695163410723342,83.08057798281145,90.12213873296321,4,1,50.70152378426952
3.920480639381277,78.6728731340134,58.86273651192424,3,1,32.456313272448156
3.4433905491953745,93.38183676795123,62.72041246948198,0,0,48.340687627293555
5.391690510195363,72.76534017628148,88.46311769732102,1,0,39.35179030577949
3.0432544447699357,71.50683203881802,95.27521418062764,2,1,47.33391165286962
5.816505511428944,74.80580394112268,78.44321290261533,0,1,34.10699298046207
1.5948327915243192,71.96820217165724,56.802784697469185,0,1,36.93315136033183
7.058311274651287,82.9994190194205,99.80591667549162,1,1,52.044056589857476
5.9451949648260864,58.83689391563412,62.03543653282053,3,1,37.35724382721426
5.5120594686277515,64.46317580853646,64.97293328242823,0,1,29.566220577498722
6.965381967891028,64.32197078420808,75.13506751734432,0,0,38.35749847387808
8.330948888925153,84.50307591973575,93.31240631072161,3,1,44.43050266996316
7.028740130036261,92.10613372581925,82.80963964828335,1,1,46.74144782393602
1.3182515373367094,73.95550781462528,76.22298250542866,0,1,43.10561496518463
2.440846066528597,73.31178276809989,76.9493279517716,3,1,45.34324848274943
3.7503628446086426,75.70052163113182,70.65272002965199,0,1,38.41676034581557
5.052182100421668,86.6187830260819,78.37209271777759,2,1,40.806893411934546
6.035318040938246,65.72646865809426,32.05659883458546,4,0,35.771326141591636
3.548512373693069,77.38368982734785,65.55088811395302,2,0,39.841595708962316
5.373533528954157,84.7519762978243,73.61982902375172,0,0,30.697394114527174
3.489234135293355,80.01094169939846,52.73478874570739,1,0,40.85908304466095
3.7769643940161037,76.89581616598744,75.7948497671734,4,0,43.61733639148889
2.1866778063035555,85.01046092567141,66.93293168520817,2,0,47.77665197717984
3.1535335077781914,47.967677070007625,96.33213547473235,3,1,32.44179102484601
2.2966307887673327,81.77875319530908,93.59529587822284,1,1,29.287818383764225
3.0482534940453343,68.45924316872576,63.012916463227555,2,1,37.7550769326073
7.107283593215679,56.69367103143543,67.73743432649957,3,1,37.85631999542668
3.1012022223361138,80.11202599524981,68.89078651587411,0,1,30.598887852651956
10.26476412967478,88.73658545162958,63.22510785760566,3,1,41.47940512954689
5.9866358017617785,73.62551485372308,72.9253747604219,2,0,54.84347244750552
5.369672247389747,84.52874547202939,58.625768966686145,2,1,39.70359326313292
3.2832844396375727,91.12278257988646,53.04076997593711,0,0,42.91309742688947
6.4006197588179825,88.14914453584048,79.34066835850403,3,0,44.619825799138226
3.848724347524452,91.39964529371393,79.44294376332716,3,1,37.396457585523606
5.244019629290723,82.42127491071892,57.93526360510012,0,1,37.55975181197246
10.12016907653759,75.75433638901593,83.430331461439,3,1,45.13241203817709
4.8078802005507,58.980341881028316,60.52633406252003,0,1,29.723130263690923
7.298546652571352,72.53937511870052,73.79747857056972,1,1,39.86752273322068
3.593647149748225,66.56753404683808,82.30516018918684,2,1,41.19009247001626
4.930023019006077,96.70942717497815,69.49581152944431,1,1,45.1334149097157
8.54160127127102,73.24114187567663,76.82111368211702,4,0,38.43317496789798
3.746065884424465,76.23204806784486,62.25355534168642,4,1,43.249675800270225
8.624897115993857,80.51485376040468,67.05300124857854,4,1,35.26815644762254
6.415503870910951,75.43602446372454,66.91210853679489,0,0,28.327643308419717
3.8750664482114647,91.95051040430752,58.80132480189641,3,1,47.59134713446396
6.264815478111042,68.77350638265548,67.34838755326327,1,1,40.142756977370496
6.9451088992534595,76.94607455237242,46.7707255170438,1,0,35.929034203451685
6.243619924434393,67.57529414301952,62.63269379286843,1,1,29.31933244747794
1.8595505602190872,61.79977488779294,65.72686759945493,1,1,29.889571506946133
3.545725648350263,68.88230909094715,66.1573037125693,4,1,38.00070999070559
4.504962728896991,74.62963202951588,66.37753831193832,1,1,30.48691251993066
4.851133141799908,70.7069777548274,69.07353700209806,3,1,36.27211069347163
6.241344195101356,68.07579020126144,77.19162277129095,4,1,45.61925098356056
5.355402001866508,60.93682536328166,83.11775611198783,1,0,45.18328645357475
2.3293112825797975,74.16894427371305,60.25352159727599,0,1,33.13593835130829
5.760395702011927,59.952796259689975,51.951987169162834,2,1,36.462836364124826
6.221171490567646,82.60055963689602,54.36933381635345,2,0,30.572202897629218
6.11958089586208,75.82439752934503,62.69195618207609,2,0,43.030799059131624
7.161561451109243,60.4244850053507,64.72118023275236,4,1,33.91646405496198
6.667844309097808,71.90790922950137,58.45005900703814,1,0,38.466250377437014
5.918360158456873,67.47843594409417,50.55825003625158,4,1,35.48376276266277
4.859668577082706,78.19174510419181,63.15818758788718,3,1,47.635098528587235
1.6780781329680172,88.40450446023145,72.72139930170957,0,0,37.36468420989896
5.859236438265172,56.248275303542556,78.92544198753347,0,1,38.14129705168469
5.4153753743262225,76.15026079147417,61.63865420337518,2,1,37.941421911365104
5.543157674390747,73.3986720443336,63.80503266784849,2,0,38.20634382657776
2.446502848359381,81.71340076450466,56.09952536729034,2,0,37.79325697635717
2.8378869191834752,77.1319662823769,69.52841244437835,1,0,34.95206161879156
7.1063057066658075,67.48030668261181,57.27357048713778,3,0,37.470833555344065
4.92088969228669,71.80946064333382,78.596917198618,3,1,41.91733639902932
6.363001394745249,67.03974143196511,43.21200262098833,3,0,35.50572475371895
5.056636752260922,85.76007138598598,64.60555491321307,3,0,44.094312827807094
5.05951227899149,75.21311648671943,74.51661008787613,2,0,45.48103462324884
6.876567611951995,94.01190685753008,72.75751774483757,0,0,50.12324573124418
3.967910543565252,74.39339186185379,110.39550495970745,2,0,42.731166158784724
5.192241553881967,67.91593233089537,75.24700036851861,3,1,44.844938897478976
4.075449422589915,59.862856073871725,54.93918104736984,2,0,26.64519066512218
4.131007545135369,56.96860323744055,68.56803629366391,3,1,38.39587068870777
4.381655753062721,59.158640569945106,43.356304998003225,4,0,35.27020939532361
5.444267543267426,77.67126651011483,68.79100376054859,0,0,29.68070326413862
4.042502756673045,80.08725023229934,57.50415914498862,4,0,41.608904234003795
7.511512251147042,59.188092979678665,83.73085413340243,1,0,36.16472305424133
3.2107853955609924,83.95038314076115,61.756895881066974,2,0,37.02698198698926
4.626256711677282,70.1693894831656,68.2485112630713,1,0,44.30528343572988
4.12053788345165,76.4679301198555,60.46663237893395,2,0,35.41352496193701
7.893955768707466,91.12220628255425,96.08277027779997,4,0,49.678913602219
5.393109553023149,83.96839315865532,65.18135850823133,3,1,43.76250817047759
7.063689078937269,72.31469352094167,97.48835565218803,3,0,50.4455035497871
2.028879253926056,66.08807774584713,82.212276431774,2,1,38.37218738162873
5.534100531738518,53.48184598670695,77.23100091003079,3,0,42.53624691905992
6.779261591246874,67.8084668075758,75.5309972097628,4,1,44.815322430544505
5.164567978550848,72.88869761172306,75.90695947324377,3,0,31.222771770928865
7.130960750130702,65.12820472848816,41.08491130981585,4,0,31.96049316302686
3.9654230997992554,73.68743032907695,65.81674908773866,1,0,35.04653765943202
7.81869488037116,75.76851882958768,82.67736956776483,4,1,48.790312281724844
9.5977962472385,72.75144018191921,69.26654224788842,0,1,26.39377372117828
4.274322879120682,68.4999741917654,48.922152297946376,0,1,44.789200412355775
4.1089949571984565,76.68654671966728,69.21393324133795,0,1,41.1474791215182
7.906768954235401,79.41940649569409,95.56158274383236,2,0,48.84523009875731
8.159144291461425,64.09600922557154,88.70337573302079,2,0,48.140974212955925
3.9542799456934636,89.10932379746271,69.06993985950952,2,0,55.846767353481226
4.159626365808285,74.01411867715738,84.2717391558713,4,1,49.076167203586806
4.436430782278985,75.18849622944848,64.50239469447922,2,0,43.97566560300009
2.311098977931446,82.08214423256557,44.441926197599216,1,1,36.090918222784005
3.1626961070316035,77.33216131263502,56.133010178056686,0,1,34.98370010537974
2.9917184664958643,84.53136633913245,93.44333152762297,4,1,46.86578637383817
3.464404869791743,77.87124165201824,65.89010377256044,0,1,33.79459523946154
4.930630225226437,68.87562625359563,66.34924030937474,2,1,34.46971752954672
5.468429465073042,78.61503525206102,65.5024270558768,4,0,36.11958795110797
8.101000985628154,63.56273792679338,98.56204884359511,3,1,44.642274287583184
3.003291918522418,76.08559705776523,94.38938373043095,1,1,35.481534744692794
6.968644796953168,74.6677000935554,103.281703501722,2,0,48.79869126791084
4.572022311548982,72.9188314272746,67.61432184399924,2,1,39.045669681390116
4.901072580695134,73.71462488561069,74.43436733120643,1,1,40.69636645613599
6.3496389843332075,56.18150954502361,47.25036175868813,1,0,27.233722958878026
2.7545559568754028,69.51275092259039,92.15401639177412,3,0,58.77075278878462
5.764819492368101,75.92844901141115,52.48330673098097,2,0,44.381703347468346
5.332904416426112,76.598563919974,73.25163345643944,2,1,35.54034513342692
5.984902528016298,64.72324859074041,53.54046208550734,0,0,33.6833684426646
5.5783372878156365,87.65707840864701,61.16699759891956,4,0,41.72182724281765
9.91060027982179,66.33825151785499,57.441063534254496,4,0,34.28152964059905
3.7245200314973683,84.69457200526736,60.881871089862734,0,1,32.374193476532035
3.9380060899963647,79.27194361871685,61.91315945276532,4,0,43.900500865962925
3.753718947150471,68.53772690156197,61.775968076123846,1,1,32.01109808920568
3.8890457616794905,92.75310892609512,82.50000867670461,4,1,54.72068283796728
3.7252257453869646,63.0636316824352,53.4270581040622,4,0,40.06350249634998
7.378033062215104,84.19154173610002,73.308121405208,0,1,49.739871952814894
7.841008495979709,85.00582318042979,88.26938728458337,3,1,45.030093979066976
3.8585074125010475,68.29379790923355,62.30205453229906,4,0,40.86878129769034
3.3352888537915426,88.92465300064329,59.23121663878597,4,1,47.0200258526783
5.942831112772808,72.49953485401048,66.54213062229624,3,0,38.06452815025168
3.8955539114380575,77.88693629279857,87.69587812541064,0,1,38.60461829053255
6.265863635511021,77.6032183877122,72.91161446430037,3,1,51.417237192258014
5.405846041702599,73.65691258529452,62.03178558088602,0,0,37.803248687106866
1.9685117700055361,83.10808273159782,77.2581497678206,1,0,45.35129823460437
8.095010402660122,82.93488720552213,53.46561775245365,0,1,34.701213814071785
8.591755346191043,57.51468026761819,80.22039265664422,1,1,31.638762417479754
3.7744226190312276,88.04340242878152,76.12910961552652,1,0,41.30136282689169
4.224596880128032,58.37508011964326,65.38287293291674,0,1,31.658830437577553
5.57173078144981,85.32546204341658,57.421213023291536,2,1,35.98947349617645
5.66891357997405,86.26705136827583,56.69978616574814,0,1,39.438414032370076
6.317088545345661,64.09033569784802,78.02226004518866,4,1,32.91586219618791
9.0204090775327,70.89185712045415,88.43470753733592,4,0,40.96242516226715
4.646105545011901,63.94295331514064,60.44038379456808,2,0,38.48396121284494
3.4034055109230925,72.85078969711265,76.87580055327226,1,0,42.61071182554696
2.2413615439709456,71.91965715814258,38.694594720968965,2,0,30.251976882290617
3.538139920116162,82.7966053226934,61.23073404014201,4,0,37.41156282749812
4.933746054252405,88.10308746119608,69.53411600693647,2,0,39.17423010381703
8.589115727035576,88.95683810789956,56.354748745272495,0,1,39.52730624253203
3.964777401927657,69.37831973421697,55.95240437815606,2,0,38.812480214893824
5.447575903277797,72.90778126255472,59.983306652966704,1,1,41.68925452739249
4.967154207854496,58.1656180777905,74.38289092489559,0,1,31.83046661404822
7.376786546896168,66.94129933503811,67.19006472390438,3,1,33.703655234126856
10.053864851747242,84.64851633097457,36.42653150012542,4,0,42.04062532934802
3.938262454159359,91.15582823548232,38.18949771047401,4,1,36.442278141273995
4.021121114963556,62.65651128120078,60.89702233214237,2,0,31.99354310246812
7.0883217541381445,69.07535740847106,76.86529879080328,0,1,45.55737613454242
6.363782979252623,74.73594243041073,28.78742735912148,3,1,37.8593585354774
8.693414651472068,77.80161158819607,62.50404735772554,0,0,40.108530369850016
6.167856370651927,66.90396480078354,62.106282152238684,4,1,32.599993413379956
4.281415818425881,79.2406104446409,90.82506667312671,0,1,44.70674563274126
6.181309661384619,70.26160652929084,64.22467282430705,3,1,44.70922684214014
7.2174071611658155,74.85547729121721,75.74483477111393,2,1,40.614404677226595
6.640964362394728,80.462842480037,72.11885710131195,1,0,48.97458035916496
6.014548062214596,75.06422269810938,38.04150280289199,0,1,38.99711304248808
7.133349379178307,70.63614109473431,81.52310824947605,1,1,49.667467890704195
7.3385911808913455,73.90390196074169,73.23094758184432,4,0,45.27901220960468
7.764317982075054,74.11637040794665,77.62402959511884,2,1,45.80240273326785
6.297419775179286,71.29988970117873,128.8935655965449,2,1,58.75858438138977
4.665763839366291,72.41203937332898,38.73830590752117,0,1,33.57454821459432
5.293427372866645,90.98647170504717,95.87044974641663,2,1,48.08123187099307
7.413017933016714,80.6091944794124,65.68828720899467,0,0,38.04290877619003
3.366128658025528,72.0451968197084,74.30993356604515,0,1,39.014771991200455
5.737346617745803,81.96954404510736,69.31731632048137,1,0,35.29645801499571
4.213322375345278,71.6618051024399,63.63645499902935,2,1,37.19486690385499
5.057489645869635,86.73124637586642,61.452506076418615,0,1,45.81560657754277
7.556903725214598,78.69642192198094,74.94263103359513,1,1,31.663945017572743
5.382198136039807,73.92697855995772,47.24239454992481,3,0,44.45186224136077
5.092873096312298,79.47716925810278,81.25868751282648,1,1,48.74390861203684
2.2802877180401615,59.291238479315005,63.757083926721194,1,1,30.152080337202424
6.492507132054442,63.73232531090195,53.04895991439463,0,0,35.04344656833033
6.29096836228215,63.060749936009444,63.24980713006279,4,0,38.10031238625988
9.32650944661092,76.42943094763707,88.8572382529386,4,0,54.580832555716626
4.384443530093998,92.32514999485092,61.96997369475665,4,0,50.758732863293915
5.438300655327878,97.31300146192632,75.3768042731443,1,1,40.44422793942286
5.498767367421511,81.38051101440757,59.0356558642679,0,1,41.35710349146534
8.15490655952695,80.00844474944456,81.3688277488543,2,1,44.51012233019877
4.809408935226096,56.989422658472606,80.28261608185306,1,1,36.49127644059334
5.558043051540679,69.57326200265979,97.72913249944617,1,0,40.00016281645436
6.215793019433079,67.12216248091761,67.36654081751176,0,1,44.83695946115505
5.3732182463127165,68.79152401748884,80.0298220713686,3,1,46.993018017558335
4.107132770898944,73.3185618141521,71.47101309308417,1,1,35.23376845135721
5.388179985796615,70.27909422302872,89.43807672794522,3,1,37.45356257226514
7.1472634997195446,55.20700189624212,59.21751418586904,3,0,32.33614565104502
2.9469694011778795,82.47910256117534,81.17507969315922,4,1,48.33004769791213
5.265939348293752,64.27256974260193,67.07954055824978,0,1,36.00508399347915
3.599758370121654,77.39246864111149,69.03717734337253,3,1,47.73074353289783
7.390093257849685,95.74082669749973,71.3762872667256,0,0,49.90314137663917
1.9536261904324506,65.80615408413577,73.78360594640016,4,0,44.127863019458275
3.8821563054568236,49.697124772536704,68.25656435317063,0,1,31.747589827630055
5.754423750129042,72.13995778119889,73.22069774755789,1,1,32.6414027328679
8.13104805846868,86.00959634998571,93.67177086343277,3,1,49.81115964533523
4.868499477854025,94.58347454220593,84.78174528422828,0,0,52.57923991019237
3.8896009466136032,62.70450405547583,83.03731888745345,2,1,38.71704073015565
8.76231413888118,79.96699223236521,63.16690710964194,0,1,42.643856590309156
2.103972199167512,70.34689543219946,56.66138757657514,3,1,34.68419344841121
0.6023880867598361,73.94051645695865,84.3295083735663,4,0,38.139952603795564
5.880028900106665,101.44343347017035,83.14070188794692,4,1,52.7964616584526
3.9958915512947777,59.970296716048466,92.09006013626473,3,1,42.552694877748664
2.9575343657385735,77.53739661494573,60.94029061046156,1,0,34.353852255564234
6.416712894598707,79.67693171765433,66.5567701695948,1,0,39.602562482771404
5.487601427542398,85.85786324939347,45.407737562118484,4,1,36.33663084832878
3.871842738526543,75.97983153470895,64.1129334090869,4,0,46.76149782546116
2.439391202658211,78.08050539504103,84.94855765869171,3,1,42.917340843373765
6.744914656560289,71.08351432578209,63.002569311577034,1,0,44.887311748305066
6.300402355917322,77.69126941245108,79.60719692801236,4,0,53.39272040440927
4.801648272441234,71.56807724502589,67.14245341003283,1,1,37.414343340882105
8.693273992095332,81.21571889856051,74.86085542332341,4,1,41.771952688334224
2.859830467347695,71.30389663956366,52.78462915276499,0,1,22.662537620694486
1.9489496581505223,78.77100393902187,71.27814174450852,2,0,33.306324028734515
3.616183860237511,74.70737186315021,25.13296043648915,0,1,22.016103065844597
4.908827967289004,86.26050250772168,67.19655762757023,4,1,52.173341602053675
5.486678898645383,74.48606276411513,45.5429013442729,2,1,36.228193593682
4.5175278842873405,57.26967531793119,88.08991774820224,2,1,40.55391991919468
5.704110793028594,87.61921500713991,81.66111029146766,4,1,37.79752583297131
2.496921151619112,65.94267699137382,77.00006472949121,4,0,34.19175235787173
7.887529208146519,68.46233661351181,92.8150934073907,1,1,47.69213023102172
4.835697643214862,69.04338705956508,55.766252187627444,4,1,39.23441617459389
7.234591663176255,88.74438093170818,96.21044796873338,3,0,51.02321414510164
5.685450692755408,53.64325786021304,83.98287346390578,4,1,41.987944120947844
5.913506438307568,106.37748533659993,66.4516706917158,3,1,58.74797134532525
6.139534560464408,85.56056809066052,87.03430220774416,4,1,48.4256323752475
5.8954171200346295,77.23238914129159,53.40559731382549,1,1,37.55585206645677
6.285445519735088,74.45105999383713,57.632287577084895,3,1,40.33893831511868
7.658305060264863,77.85554074857657,60.8711541514045,0,0,50.554763255329775
5.39304233940294,80.21122428379338,62.06533437903977,3,0,31.13686977461202
6.418007515177025,81.45215585950056,54.15163535859621,1,0,42.24929190958426
4.820528611425546,80.55604466003449,88.34624600642988,3,1,46.19026280007122
7.880234430898946,75.8958068125525,66.11718399445253,4,0,45.97813124593674
3.6472153958814606,73.02661579692673,75.2875745253532,4,1,39.13752303252762
8.60188086582163,73.48726716346488,61.44472950379479,1,1,38.531053241834826
4.919684098711313,73.0509171964732,42.69095049177224,2,1,37.978391794108404
2.1384497957639037,86.33770096867065,74.05086037587134,4,0,61.13141328930023
5.2562088298215786,80.93556722280861,41.31617536870335,0,0,38.68656971952224
3.6378966850502383,45.59611365335719,68.97048930871797,1,0,25.687762641618306
6.681287097977448,81.55900776529761,49.47527441750785,3,1,37.91647364216831
3.694752041395218,76.94736194718774,99.80913998846212,3,0,45.25686685648756
4.107633133570441,74.81291243554102,83.67044083262083,0,1,31.842799287464572
1.220918538108938,71.11481546911114,71.5863068690722,4,0,38.48962247128417
4.095387361501847,86.24112719986013,88.95560016482003,1,0,49.96575854663151
0.15224134674208667,84.47526462122858,57.305260338013966,0,1,30.493367397284224
1.8321943530285534,67.27122332176391,78.15219068005139,4,1,45.787096129003835
6.520829312288595,79.07052287124534,72.99715650578071,1,0,44.36779399286687
6.571600317301664,65.28343265458714,73.96030122000505,3,0,36.33456355744263
5.85091512356993,61.203818352110694,89.08530250160152,1,0,38.81092386869225
3.066047713741574,68.73282775410036,80.98738154169703,2,1,48.035352758271316
4.90457728771604,83.62393472382759,74.33085494237535,1,1,46.58292138823909
4.992794921818863,84.53125045376086,45.17668845657556,2,0,38.43574907066165
2.6832706216149145,80.13085420097293,55.59930557080804,1,0,36.04400903829453
8.006796603534301,82.25095786847997,68.15936599606414,2,1,43.89292455342884
6.7547245811513426,80.16178287114958,71.40058561414976,3,0,41.471724026923845
4.558071652340672,68.58518404777048,53.046944129891145,4,1,26.484425172650568
5.053771677989062,79.31922544673941,106.17515013367631,2,1,59.26319588462636
5.416765615895105,83.00409525227683,92.74591082880359,2,1,48.39374198379881
0.9165302631514187,82.54291329813574,79.03177480588725,3,1,45.92657738149143
4.5056452349588065,86.88913371474644,71.08055291925618,2,1,43.79557004287415
3.6360315040044027,82.08303847201064,66.81686545148273,0,1,35.76711322987856
2.996759980210169,78.51448207541583,55.72122309966647,3,0,37.96767082989825
4.43779941422809,85.70150238316427,71.16220777778294,0,1,33.72103822522555
8.595373053699046,74.7347874075094,73.86628810214125,3,1,55.017275554427215
6.28168572253402,66.18125348772283,51.37359136777563,2,0,28.469208616773606
3.8576420204344064,73.36933036056236,75.01264625867346,0,1,33.396553748841264
6.145165562712317,67.55097355193551,67.67111426762877,2,0,36.05628512225933
